Name,Gender
Damir,Muško
Zeljko,Muško
Sandro,Muško
Sven,Muško
Igor,Muško
Kristian,Muško
Ivan,Muško
Momir,Muško
Goran,Muško
Marijan,Muško
Neven,Muško
Marin,Muško
Sandi,Muško
Zoran,Muško
Saša,Muško
Bozidar,Muško
Hrvoje,Muško
Matija,Muško
Luka,Muško
Pstrick,Muško
Josip,Muško
Rade,Muško
Ante,Muško
Miodrag,Muško
Dario,Muško
Mario,Muško
Krešimir,Muško
Stjepan,Muško
Tomislav,Muško
Nikola,Muško
Marko,Muško
Kristinko,Muško
Danijel,Muško
Zlatko,Muško
Miro,Muško
Aleksandar,Muško
Mario,Muško
Eduard,Muško
Branimir,Muško
Bojan,Muško
Domagoj,Muško
Ivan,Muško
Darko,Muško
Ivica,Muško
Valentino,Muško
Dino,Muško
Filip,Muško
Mirko,Muško
Karlo,Muško
Nikša,Muško
Aleš,Muško
Zdenko,Muško
Velimir,Muško
Neven,Muško
Božidar,Muško
Leo,Muško
Marino,Muško
Petar,Muško
Ivor,Muško
Adrijan,Muško
Tomislav,Muško
Ilija,Muško
Sasha,Muško
Viktor,Muško
Željan,Muško
Daniel,Muško
Toni,Muško
Goran,Muško
Anto,Muško
Antun,Muško
Željko,Muško
Siniša Josip,Muško
Andrej,Muško
Robert,Muško
Dejan,Muško
Kresimir,Muško
Slobdan,Muško
Dean,Muško
Denis,Muško
Bruno,Muško
Vladimir,Muško
Jan,Muško
Michael,Muško
Tino,Muško
Ognjen,Muško
Đuro,Muško
Jasmin,Muško
Leon,Muško
Miha,Muško
Siniša,Muško
Jakov,Muško
Duško,Muško
Marijan,Muško
Andrija,Muško
Lovro,Muško
Robi,Muško
Narcis,Muško
Mislav,Muško
Drago,Muško
Vladimir,Muško
Zeljko,Muško
Nikola,Muško
Zvonimir,Muško
Alen,Muško
Matej,Muško
Andreasusz,Muško
Samuelrok,Muško
Joško,Muško
Mario,Muško
Dinko,Muško
Marcelino,Muško
Mladen,Muško
Slaven,Muško
Dorian,Muško
Roko,Muško
Jakša,Muško
Perica,Muško
Davor,Muško
Srđan,Muško
Mak,Muško
Žarko,Muško
Borislav,Muško
Mihael,Muško
Ranko,Muško
Anto,Muško
Dražen,Muško
Andrija,Muško
Nenad,Muško
Tin,Muško
Renato,Muško
Zrinko,Muško
Vedran,Muško
Martin,Muško
Bariša,Muško
Mato,Muško
Boris,Muško
Tihomir,Muško
Dubravko,Muško
Franjo,Muško
Antonio,Muško
Dominik,Muško
Marijo,Muško
Fausto,Muško
Kristijan,Muško
Ivan,Muško
Šime,Muško
Tomica,Muško
Nino,Muško
Alen,Muško
Krunoslav,Muško
Emir,Muško
Željko,Muško
Emanuel,Muško
Dalibor,Muško
Slavko,Muško
Romeo,Muško
Artur,Muško
Darjan,Muško
Milan,Muško
Karlo,Muško
Ivo,Muško
Denis,Muško
Leon,Muško
Josip,Muško
Mile,Muško
Pavao,Muško
Silvio,Muško
Bojan,Muško
Janko,Muško
Amil,Muško
Fran,Muško
Stipica,Muško
Miroslav,Muško
Sanjin,Muško
Nediljko,Muško
Vjekoslav,Muško
Andelko,Muško
Marino,Muško
Borna,Muško
Norbert,Muško
Sanel,Muško
Zoran,Muško
Andi,Muško
Gordan,Muško
Fikret,Muško
Oliver,Muško
Gabrijel,Muško
Mateo,Muško
Albert,Muško
Branko,Muško
Roman,Muško
Jerko,Muško
Tomislav,Muško
Tvrtko,Muško
Jurica,Muško
Davorin,Muško
Marko,Muško
Vinko,Muško
Franko,Muško
Sinisa,Muško
Tonći,Muško
Berislav,Muško
Kemal,Muško
Stjepan,Muško
Predrag,Muško
Damjan,Muško
Štefan,Muško
Julio,Muško
Miloš,Muško
Silvijo,Muško
Čedomir,Muško
Tihomir,Muško
Vedran,Muško
Miroslav,Muško
Dragutin,Muško
Silvestar,Muško
Anđelo,Muško
Srećko,Muško
Gregor,Muško
Tibor,Muško
Elvis,Muško
Zdravko,Muško
Jasmin,Muško
David,Muško
David Ante,Muško
Dragan,Muško
Jurica,Muško
Veselko,Muško
Samir,Muško
Vladimirrym,Muško
Dalibor,Muško
Zvonko,Muško
Bartol,Muško
Renato,Muško
Ivan Zvonimir,Muško
Fabio,Muško
Mate,Muško
Duje,Muško
Marin,Muško
Anthony,Muško
Bore,Muško
Walter,Muško
Vehid,Muško
Damir,Muško
Jure,Muško
Vido,Muško
Goran,Muško
Ismet,Muško
Filip,Muško
Ermin,Muško
Drazen,Muško
Miran,Muško
Dario,Muško
Mateo,Muško
Emil,Muško
Robin,Muško
Kruno,Muško
Diego,Muško
Sasa,Muško
Krešo,Muško
Maroje,Muško
Bernard,Muško
Darko,Muško
Natko,Muško
Matei,Muško
Petar,Muško
Edin,Muško
Ibrahim,Muško
Davor,Muško
Vladimir,Muško
Lovre,Muško
Miljenko,Muško
Stevo,Muško
Marinko,Muško
Ivo,Muško
Zeljko,Muško
Enes,Muško
Eugen,Muško
Andria,Muško
Karlo,Muško
Vlado,Muško
Sejad,Muško
Juraj,Muško
Mirzet,Muško
Miho,Muško
Marin Benjamin,Muško
Stipan,Muško
Tonći,Muško
Ervin,Muško
Marko,Muško
Edi,Muško
Haris,Muško
Mihael,Muško
Darko,Muško
Dorijano,Muško
Zoltan,Muško
Đana,Muško
Vehmir,Muško
Veljko,Muško
Jan,Muško
Branislav,Muško
Frano,Muško
Deniel,Muško
Blaž,Muško
Richard,Muško
Nenad,Muško
Leonardo,Muško
Toni Ante,Muško
Slobodan,Muško
Alberto,Muško
Roberto,Muško
Edvard,Muško
Frane,Muško
Matijas,Muško
Nicolo,Muško
Draško,Muško
Damir,Muško
Vibor,Muško
Elvin,Muško
David,Muško
Viktor,Muško
Korino,Muško
Niksa,Muško
Benjamin,Muško
Tadej,Muško
Vjekoslav,Muško
Božo,Muško
Pero,Muško
Mirza,Muško
Florijan,Muško
Matej Leon,Muško
Mate,Muško
Gojko,Muško
Matija,Muško
Paul,Muško
Adrian,Muško
Boris,Muško
Adnan,Muško
Silvijo,Muško
Joko,Muško
Nikica,Muško
Lino,Muško
Radovan,Muško
Vid,Muško
Patrik,Muško
Pero,Muško
Zoran,Muško
Dario,Muško
Igor,Muško
Simon,Muško
Antun Krešimir,Muško
Valter,Muško
Stanko,Muško
Donato,Muško
Zarko,Muško
Sebastijan,Muško
Milos,Muško
Davorin,Muško
Aleksej,Muško
Vojislav,Muško
Josip,Muško
Sergej,Muško
Antonijo,Muško
Anton Grgo,Muško
Jakica,Muško
Rino,Muško
Nihad,Muško
Rajko,Muško
Josko,Muško
Arben,Muško
Alex,Muško
Njegomir,Muško
Jadranko,Muško
Tomas,Muško
Edo,Muško
Silvije,Muško
Alenko,Muško
Silvano,Muško
Georg,Muško
Nebojša,Muško
Manuel,Muško
Mijo,Muško
Semir,Muško
Zlatko,Muško
Željko,Muško
Robert,Muško
Sulejman,Muško
Dorijan,Muško
Livio,Muško
Haris,Muško
Vito,Muško
Ljubomir,Muško
Dimitrije,Muško
Oskar,Muško
Plamenko,Muško
Sebastian,Muško
Joso,Muško
Roman,Muško
Matko,Muško
Afrim,Muško
Darijo,Muško
Mikan,Muško
Milenko,Muško
Irgen,Muško
Danijel,Muško
Seid,Muško
Nebojsa,Muško
Enoh,Muško
Oto,Muško
Elio,Muško
Žiga,Muško
Rudolf,Muško
Vice,Muško
Stanko,Muško
Davor,Muško
Lukša,Muško
Vilim,Muško
Boris-Jakov,Muško
Velimir,Muško
Bozo,Muško
Zdenko,Muško
Želimir,Muško
Dušan,Muško
Sean,Muško
Tomo,Muško
Darian,Muško
Vlatko,Muško
Eugen Stjepan,Muško
Marcel,Muško
Adel,Muško
Danko,Muško
Stipe,Muško
Ronald,Muško
Mihovil,Muško
Vanja,Muško
Dusko,Muško
Arsen,Muško
Domagoj,Muško
Ante,Muško
Stin,Muško
Zdenko,Muško
Mladen,Muško
Tibor,Muško
Radoslav,Muško
Vili,Muško
Tihi,Muško
Mauro,Muško
Lucian,Muško
Igor,Muško
Beris,Muško
Emrah,Muško
Milorad,Muško
Niko,Muško
Ozren,Muško
Moreno,Muško
Aladin,Muško
Mišel,Muško
Filip,Muško
Admir,Muško
Luksa,Muško
Vlatko,Muško
Ozcan,Muško
Jovan,Muško
Andro,Muško
Hubert,Muško
Neno,Muško
Ratko,Muško
Lusin,Muško
Marijo,Muško
Tomaž,Muško
Hrvoje,Muško
Predrag,Muško
Nemanja,Muško
Teo,Muško
Marjan,Muško
Alfred,Muško
Vjeran,Muško
Riki,Muško
Vitalii,Muško
Branko,Muško
Andreas,Muško
Prerad,Muško
Tihomir,Muško
Sanel,Muško
Jozef,Muško
Mahnet,Muško
Savo,Muško
André,Muško
Deni,Muško
Zlatko,Muško
Blazan,Muško
Adam,Muško
Nedžad,Muško
Podrug,Muško
Bekim,Muško
Denis,Muško
Granit,Muško
Anđelko,Muško
Saša,Muško
Krunoslav,Muško
Alan,Muško
Vjekoslav,Muško
Predrag,Muško
Nevesin,Muško
Tadija,Muško
Vedran,Muško
Maro,Muško
Ivica,Muško
Romano,Muško
Joakim,Muško
Lucas,Muško
Dane,Muško
Mark,Muško
Rajmond,Muško
Brane,Muško
Yurii,Muško
Sead,Muško
Mariano,Muško
Paolo,Muško
Stanislav,Muško
Ivica,Muško
Pavo,Muško
Srećko,Muško
Ricardo,Muško
Murat,Muško
Mladen,Muško
Thomas,Muško
Pavle,Muško
Vladan,Muško
Safer,Muško
Zdravko,Muško
Christian,Muško
Andreo,Muško
Vlatko,Muško
Hajrija,Muško
Bozenko,Muško
Sreto,Muško
Radomir,Muško
Anatol,Muško
Leopold,Muško
Nenad,Muško
Brano,Muško
Gabriel,Muško
Bogdan,Muško
Danijel,Muško
Ivan Antonio,Muško
Jakob,Muško
Željkp,Muško
Klaudio,Muško
Mathias,Muško
Tomi,Muško
Mislav,Muško
Jasenko,Muško
Sinisa,Muško
Alexander,Muško
Branko,Muško
Valent,Muško
Kevin,Muško
Sergio,Muško
Izidor,Muško
Osman,Muško
Silvio,Muško
Ljubisa,Muško
Dominik,Muško
Željko,Muško
Fabijan,Muško
Vjeran,Muško
Almir,Muško
Aljoša,Muško
Živko,Muško
Srečko,Muško
Petar Krešimir,Muško
Willy,Muško
Stevica,Muško
Veljko,Muško
Andrijano,Muško
Bogosav,Muško
Kristian-Tin,Muško
Tonči,Muško
Boze,Muško
Boran,Muško
Istvan,Muško
Irenko,Muško
Matteo,Muško
Leo,Muško
Patrick,Muško
Stanislav,Muško
Neđad,Muško
Salih,Muško
Erik,Muško
Krešimir,Muško
Fetije,Muško
Jozo,Muško
Stribor,Muško
Vinko,Muško
Nedim,Muško
Miroslav,Muško
Endrit,Muško
Slavko,Muško
Mile,Muško
Demian,Muško
Jože,Muško
Tadija,Muško
Rutger,Muško
Nikola,Muško
Šime,Muško
Saša,Muško
Peterwep,Muško
Leonnel,Muško
Samuel,Muško
Novica,Muško
Hrvoje,Muško
Kresimir,Muško
Zvonko,Muško
Alen,Muško
Anton,Muško
Ildiko,Muško
Toma,Muško
Franjo,Muško
Arian Zvonimir,Muško
Siniša,Muško
Momčilo,Muško
Giovanni,Muško
Milko,Muško
Peter,Muško
Ian,Muško
Armin,Muško
Bartul,Muško
Lorenzo,Muško
Braslav,Muško
Hasan,Muško
Adil,Muško
Aljosa,Muško
Michel,Muško
Ljudevit,Muško
Bashir,Muško
Ivanko,Muško
Zvjezdan,Muško
John,Muško
Valentin,Muško
Miro,Muško
Vjeko,Muško
Mike,Muško
Radenko,Muško
Aleksandar,Muško
Joso,Muško
Dominko,Muško
Nadan,Muško
Edin,Muško
Serden,Muško
Paulino,Muško
Šime,Muško
Anđelko,Muško
Matija,Muško
Hamdija,Muško
Drazen,Muško
Oliver,Muško
Vojko,Muško
Fucko,Muško
Ivo,Muško
Veljko,Muško
Vlado,Muško
Ernest,Muško
Marcell,Muško
Johan,Muško
Konrad,Muško
Ermano,Muško
Milorad,Muško
Sime,Muško
Stipe,Muško
Robin,Muško
Kreso,Muško
Advan,Muško
Romano,Muško
Esmir,Muško
Aldin,Muško
Daslav,Muško
Martin,Muško
Milan,Muško
Slaviša,Muško
Muhamed,Muško
Dorjan,Muško
Massimo,Muško
Davide,Muško
Marjo,Muško
Dragan Čikara,Muško
Frano,Muško
Dejvis,Muško
Miroljub,Muško
Senad,Muško
Mišel,Muško
Halim,Muško
Bogdanzep,Muško
Davidino,Muško
Dragan,Muško
Boris,Muško
Ester,Muško
Vlastimir,Muško
Luko,Muško
Marin,Muško
Krešimir,Muško
Srećko,Muško
Slavomir,Muško
Aleksandar,Muško
Ljubo,Muško
Jadranko,Muško
Grgo,Muško
Armando,Muško
Tonci,Muško
Leonard,Muško
Stefan,Muško
Đuro,Muško
Dalio,Muško
Stipe,Muško
Đankarlo,Muško
Orsat,Muško
Alain,Muško
Florian,Muško
Halid,Muško
Albin,Muško
Vicko,Muško
Roman Christian,Muško
Javorko,Muško
Giorgio,Muško
Korab,Muško
Sadmir,Muško
Nedjeljko,Muško
Pino,Muško
Djuro,Muško
Sreten,Muško
Adrijano,Muško
Jadranko,Muško
Eric,Muško
Edo,Muško
Edvin,Muško
Silvijo,Muško
Tonko,Muško
Cvijeto,Muško
Oton,Muško
Bastian,Muško
Stjepko,Muško
Amel,Muško
Sadmir,Muško
Mirsad,Muško
Stephanio,Muško
Kenan,Muško
Kruni,Muško
Dušan,Muško
Adriano,Muško
Damir Claus,Muško
Aron,Muško
Egon,Muško
Radislav,Muško
Ante,Muško
Dani,Muško
Dusan,Muško
Dominik,Muško
Paško,Muško
Dalio,Muško
Nermin,Muško
Borna,Muško
Rafael,Muško
Demi,Muško
Dragutin,Muško
Šimun,Muško
Zdravko,Muško
Danijell Nikolla,Muško
Kristijan,Muško
Christoph,Muško
Petar,Muško
Ivor,Muško
Eldarwyk,Muško
Ninoslav,Muško
Spomenko,Muško
Smiljan,Muško
Lovre,Muško
Pave,Muško
Aladin,Muško
Igorleb,Muško
Carlo,Muško
Silvijo Ivan,Muško
Vlaho,Muško
Izet,Muško
Bosko,Muško
Nino,Muško
Ratmir,Muško
Herman,Muško
Emerik,Muško
Jacob,Muško
Joaip,Muško
Milivoj,Muško
Martino,Muško
Dimitar,Muško
Mujo,Muško
Marsel,Muško
Vitomir,Muško
Miloš,Muško
Pere,Muško
Matej Josip,Muško
Marijan,Muško
Lukas,Muško
Dino,Muško
Mijo,Muško
Tome,Muško
Vicencije,Muško
Đorđe,Muško
Tony,Muško
Meho,Muško
Ladislav,Muško
Vinko,Muško
Victorrko,Muško
Erden,Muško
Jurica,Muško
Amel,Muško
Mihajlo,Muško
Ryan,Muško
Ilari,Muško
Dubravko,Muško
Stipo,Muško
Tin,Muško
Amar,Muško
Bruno,Muško
Sanijel,Muško
Ljubomir,Muško
Rycky,Muško
Antun,Muško
Marijan ,Muško
Mišo,Muško
Alojzije,Muško
Bernardo,Muško
Ozren,Muško
Nedeljko,Muško
Gudrun,Muško
Advija,Muško
Vito,Muško
Đani,Muško
Anamarija,Žensko
Martina,Žensko
Renata,Žensko
Samanta,Žensko
Nikolina,Žensko
Lea,Žensko
Inga,Žensko
Patricia,Žensko
Petra,Žensko
Tajana,Žensko
Andreja,Žensko
Patricija,Žensko
Slavica,Žensko
Gorana,Žensko
Martina,Žensko
Željka,Žensko
Natalija,Žensko
Marcella,Žensko
Lucija,Žensko
Antonia,Žensko
Josipa,Žensko
Natalia,Žensko
Alma,Žensko
Ana,Žensko
Marina,Žensko
Pamela,Žensko
Tihana,Žensko
Tajana,Žensko
Lidija,Žensko
Jelena,Žensko
Nika,Žensko
Marija,Žensko
Katarina,Žensko
Suzana,Žensko
Valerija,Žensko
Sandra,Žensko
Milena,Žensko
Monika,Žensko
Daniela,Žensko
Davorka,Žensko
Anita,Žensko
Dijana,Žensko
Dora,Žensko
Tea,Žensko
Maja,Žensko
Anja,Žensko
Lucia,Žensko
Maria,Žensko
Matea,Žensko
Antonija,Žensko
Sandra,Žensko
Magdalena,Žensko
Nikol,Žensko
Tona,Žensko
Iva,Žensko
Štefica,Žensko
Zeljka,Žensko
Lorena,Žensko
Tanja,Žensko
Ivanka,Žensko
Vilma,Žensko
Matea,Žensko
Teodora,Žensko
Valentina,Žensko
Vlatka,Žensko
Marijana,Žensko
Sonja,Žensko
Stela,Žensko
Nina,Žensko
Bojana,Žensko
Kaja,Žensko
Kristina,Žensko
Davorka,Žensko
Ivana,Žensko
Silvija,Žensko
Tina,Žensko
Rafaela,Žensko
Mihaela,Žensko
Aleksandra,Žensko
Branka,Žensko
Lucijana,Žensko
Nuša,Žensko
Jerka,Žensko
Paula,Žensko
Vesna,Žensko
Irena,Žensko
Andrea,Žensko
Tena,Žensko
Milana,Žensko
Sanja,Žensko
Jovana,Žensko
Lidija,Žensko
Helena,Žensko
Ana Marija,Žensko
Snjezana,Žensko
Zlata,Žensko
Blazenka,Žensko
Lana,Žensko
Darija,Žensko
Karla,Žensko
Brankica,Žensko
Marela,Žensko
Zeljkica,Žensko
Tamara,Žensko
Majq,Žensko
Mateja,Žensko
Ivana,Žensko
Danijela,Žensko
Mirjana,Žensko
Graziana,Žensko
Božena,Žensko
Silvana,Žensko
Moana,Žensko
Vedrana,Žensko
Nataša,Žensko
Diana,Žensko
Jasminka,Žensko
Marcela,Žensko
Klaudija,Žensko
Vesna,Žensko
Luna,Žensko
Biserka,Žensko
Marcela,Žensko
Dražana,Žensko
Zdenka,Žensko
Gabrijela,Žensko
Dijana,Žensko
Snježana,Žensko
Josipa,Žensko
Merita,Žensko
Koraljka,Žensko
Vida,Žensko
Linda,Žensko
Nevena,Žensko
Đurđica,Žensko
Slađana,Žensko
Jasmina,Žensko
Dragica,Žensko
Manda,Žensko
Iva,Žensko
Željana,Žensko
Mirna,Žensko
Tara,Žensko
Darinka,Žensko
Dina,Žensko
Andrijana,Žensko
Ileana,Žensko
Dorotea,Žensko
Karola,Žensko
Arijana,Žensko
Sanja,Žensko
Krstina,Žensko
Neda,Žensko
Leona,Žensko
Ivona,Žensko
Bruna,Žensko
Željkica,Žensko
Sanela,Žensko
Karolinaezm,Žensko
Slađana,Žensko
Valerija,Žensko
Ana-Marija,Žensko
Mia,Žensko
Ivana,Žensko
Nives,Žensko
Rene,Žensko
Dragana,Žensko
Jana,Žensko
Saneta,Žensko
Violeta,Žensko
Sara,Žensko
Gordana,Žensko
Anamaria,Žensko
Lara,Žensko
Minea,Žensko
Ljerka,Žensko
Mirjana,Žensko
Tonka,Žensko
Nevenka,Žensko
Nedzija,Žensko
Ela,Žensko
Ella,Žensko
Mihajela,Žensko
Mila,Žensko
Hana,Žensko
Margareta,Žensko
Gloria,Žensko
Barbara,Žensko
Silvija,Žensko
Angela,Žensko
Dora,Žensko
Marta,Žensko
Lina,Žensko
Divna,Žensko
Vanessa,Žensko
Antea,Žensko
Anđelka,Žensko
Janja,Žensko
Elvisa,Žensko
Dajana,Žensko
Ankica,Žensko
Borica,Žensko
Nikolina,Žensko
Darka,Žensko
Magdalena,Žensko
Tatjana,Žensko
Laura,Žensko
Sunčica,Žensko
Denisa,Žensko
Dubravka,Žensko
Mirta,Žensko
Jadranka,Žensko
Ena,Žensko
Mladenka,Žensko
Ljiljana,Žensko
Staša,Žensko
Adriana,Žensko
Grozdana,Žensko
Ines,Žensko
Koraljka,Žensko
Suncica,Žensko
Zrinka,Žensko
Dolores,Žensko
Chiara,Žensko
Blanka,Žensko
Morena,Žensko
Ana,Žensko
Blaženka,Žensko
Blaženka,Žensko
Livija,Žensko
Klara,Žensko
Antonella,Žensko
Petra,Žensko
Zinka,Žensko
Svjetlana,Žensko
Gina,Žensko
Višnja,Žensko
Rebeka,Žensko
Maja Petra,Žensko
Katarina,Žensko
Ljiljana,Žensko
Dunja,Žensko
Eva,Žensko
Alena,Žensko
Viktorija,Žensko
Anita,Žensko
Nadica,Žensko
Klara,Žensko
Natali,Žensko
Viktoria,Žensko
Olivera,Žensko
Zrinka,Žensko
Ruža,Žensko
Aida,Žensko
Stephanie,Žensko
Mirela,Žensko
Loredana,Žensko
Ivka,Žensko
Miroslava,Žensko
Irma,Žensko
Višnja,Žensko
Jasenka,Žensko
Sonia,Žensko
Nikolina,Žensko
Sarah,Žensko
Biljana,Žensko
Jela,Žensko
Ida,Žensko
Mirela,Žensko
Ema,Žensko
Leonarda,Žensko
Amalija,Žensko
Sanjana,Žensko
Ilijana,Žensko
Korina,Žensko
Alenka,Žensko
Kristina,Žensko
Patricija,Žensko
Branka,Žensko
Željka,Žensko
Leonore,Žensko
Sanda,Žensko
Romana,Žensko
Danijela,Žensko
Ivanka,Žensko
Duška,Žensko
Nensi,Žensko
Stefani,Žensko
Dusanka,Žensko
Ružica,Žensko
Adrijana,Žensko
Johana,Žensko
Vera,Žensko
Mariza,Žensko
Andrea,Žensko
Mihaela Jelena,Žensko
Dženeta,Žensko
Leuarta,Žensko
Lana,Žensko
Rayna,Žensko
Eleonora,Žensko
Antonela,Žensko
Marija,Žensko
Vita,Žensko
Elizabeta,Žensko
Velimira,Žensko
Gorka,Žensko
Dejana,Žensko
Gjana,Žensko
Anica,Žensko
Zehra,Žensko
Roberta,Žensko
Joanna,Žensko
Irena,Žensko
Sana,Žensko
Anđelika,Žensko
Aneta,Žensko
Larisa,Žensko
Natalija,Žensko
Bianca,Žensko
Zvjezdana,Žensko
Štefica,Žensko
Kata,Žensko
Simona,Žensko
Iris,Žensko
Maja-Magdalena,Žensko
Katja,Žensko
Renata,Žensko
Katja,Žensko
Nicol,Žensko
Mara,Žensko
Klaudia,Žensko
Rea,Žensko
Tanja Ida,Žensko
Fatlinda,Žensko
Vinka,Žensko
Katica,Žensko
Nadina,Žensko
Issa,Žensko
Tea,Žensko
Sabina,Žensko
Pia,Žensko
Valida,Žensko
Lena,Žensko
Jasna,Žensko
Luana,Žensko
Sanja,Žensko
Franciska,Žensko
Franka,Žensko
Terezija,Žensko
Anna-Maria,Žensko
Anka,Žensko
Deborah,Žensko
Kla,Žensko
Svetlanajvh,Žensko
Anđela,Žensko
Vesna,Žensko
Silvia,Žensko
Sabrina,Žensko
Daria,Žensko
Mihela,Žensko
Ivna,Žensko
Zorica,Žensko
Stefica,Žensko
Zarka,Žensko
Božanka,Žensko
Doroteja,Žensko
Nadija,Žensko
Anđelina,Žensko
Luciana,Žensko
Romina,Žensko
Elvira,Žensko
Dilajla,Žensko
Marion,Žensko
Adelina,Žensko
Lenny,Žensko
Nena,Žensko
Danica,Žensko
Fanita,Žensko
Elma,Žensko
Dinka,Žensko
Doris,Žensko
Narcisa,Žensko
Mira,Žensko
Leana,Žensko
Amela,Žensko
Lisa Christina,Žensko
Seli,Žensko
Jasna,Žensko
Rozana,Žensko
Slavica,Žensko
Emma,Žensko
Merima,Žensko
Indira,Žensko
Nadin,Žensko
Brankica,Žensko
Alisa,Žensko
Manuela,Žensko
Marijeta,Žensko
Nera,Žensko
Zdenka,Žensko
Ljubica,Žensko
Julijana,Žensko
Julijana,Žensko
Ana Maria,Žensko
Smiljana,Žensko
Ksenija,Žensko
Severina,Žensko
Draženka,Žensko
Pava,Žensko
Gianna,Žensko
Nada,Žensko
Roza,Žensko
Melita,Žensko
Zlatka,Žensko
Tehvida,Žensko
Emina,Žensko
Dalila,Žensko
Alemka,Žensko
Mija,Žensko
Vanesa,Žensko
Metka,Žensko
Lovorka,Žensko
Karolina,Žensko
Ema Klara,Žensko
Ana,Žensko
Dona,Žensko
Jasminka,Žensko
Tanj,Žensko
Serveta,Žensko
Ana-Maria,Žensko
Dušanka,Žensko
Veronika,Žensko
Barica,Žensko
Edita,Žensko
Bernarda,Žensko
Zvonka,Žensko
Irena,Žensko
Kornelija,Žensko
Durdica,Žensko
Franciska,Žensko
Esmeralda,Žensko
Stana,Žensko
Rajka,Žensko
Olga,Žensko
Ira,Žensko
Sutka,Žensko
Božica,Žensko
Eli,Žensko
Nađa,Žensko
Šejla,Žensko
Kornelia,Žensko
Zvonimira,Žensko
Mojca,Žensko
Magdalena Iva,Žensko
Carla,Žensko
Ružica,Žensko
Gabriela,Žensko
Snježana,Žensko
Iris,Žensko
Teuta,Žensko
Isidora,Žensko
Kim,Žensko
Ljerka,Žensko
Karmen,Žensko
Drita,Žensko
Dominka,Žensko
Dalia,Žensko
Melisa,Žensko
Kiara,Žensko
Damjana,Žensko
Ana-Maria,Žensko
Dorothea,Žensko
Dubravka,Žensko
Ariana,Žensko
Fani,Žensko
Borka,Žensko
Dea,Žensko
Slavica,Žensko
Tijana,Žensko
Dalibora,Žensko
Rosanna,Žensko
Margarita,Žensko
Sladana,Žensko
Elmira,Žensko
Ina,Žensko
Elena,Žensko
Marinela,Žensko
Anastasia,Žensko
Ria,Žensko
Ingrid,Žensko
Minka,Žensko
Smiljka,Žensko
Sofija,Žensko
Jagoda,Žensko
Ranka,Žensko
Nedeljka,Žensko
Lorena Zvonimira,Žensko
Stjepana,Žensko
Maša,Žensko
Tresnja,Žensko
Kristina,Žensko
Divna,Žensko
Albina,Žensko
Renatica,Žensko
Klaudia,Žensko
Irena Ena,Žensko
Anna,Žensko
Melani,Žensko
Nataliya,Žensko
Majda,Žensko
Emilija,Žensko
Edina,Žensko
Virna,Žensko
Ivančica,Žensko
Maja Marija,Žensko
Maja Mulej,Žensko
Vikica,Žensko
Vanna,Žensko
Adna,Žensko
Angelina,Žensko
Mirella,Žensko
Natalie,Žensko
Lukrecija,Žensko
Božena,Žensko
Melita,Žensko
Slavenka,Žensko
Jasmina,Žensko
Lucila,Žensko
Masa,Žensko
Tiara,Žensko
Ana Margarita,Žensko
Žaklina,Žensko
Zorka,Žensko
Drazena,Žensko
Ornela,Žensko
Nedjeljka,Žensko
Gabriella,Žensko
Maristela,Žensko
Martina,Žensko
Domenika Pia,Žensko
Anđela,Žensko
Natasa,Žensko
Marinela,Žensko
Marija Elena,Žensko
Dina Antea,Žensko
Claudia,Žensko
Višnja,Žensko
Suncana,Žensko
Irina,Žensko
Rankica,Žensko
Žanine,Žensko
Karolinayxk,Žensko
Nataša,Žensko
Miljenka,Žensko
Donatella,Žensko
Žana,Žensko
Jasminka,Žensko
Holda,Žensko
Livia,Žensko
Evelina,Žensko
Svetlanasvh,Žensko
Una,Žensko
Marja,Žensko
Leonarda,Žensko
Radmila,Žensko
Gordana,Žensko
Tanja,Žensko
Natalia,Žensko
Izabela,Žensko
Šeherezada,Žensko
Stefica,Žensko
Rosa,Žensko
Robertina,Žensko
Lahorka,Žensko
Marijanka,Žensko
Đurđica,Žensko
Tomislava,Žensko
Nina,Žensko
Luce,Žensko
Hani,Žensko
Venita,Žensko
Megy,Žensko
Andreja,Žensko
Marilena,Žensko
Marjana,Žensko
Ljuba,Žensko
Bozica,Žensko
Helga,Žensko
Anisa,Žensko
Šeila,Žensko
Ozana,Žensko
Anna Chiara,Žensko
Svetlanacle,Žensko
Ada,Žensko
Regina,Žensko
Jelena,Žensko
Milica,Žensko
Lidija,Žensko
Tadeja,Žensko
Senka,Žensko
Hrvojka,Žensko
Štefica,Žensko
Mandica,Žensko
Lucija Ana,Žensko
Zeljana,Žensko
Nataša,Žensko
Visnja,Žensko
Dragica,Žensko
Mileva,Žensko
Ana-Marij,Žensko
Vlatka,Žensko
Natali,Žensko
Bozana,Žensko
Žanetta,Žensko
Svjetlana,Žensko
Stanka,Žensko
Gloria Luna,Žensko
Ena,Žensko
Milijana,Žensko
Verica,Žensko
Anamarija,Žensko
Ruza,Žensko
Marica,Žensko
Sanjica,Žensko
Erna,Žensko
Ratka Iva,Žensko
Zlata,Žensko
Jasminka Tomislava,Žensko
Petra Leonora,Žensko
Đurđa,Žensko
Jenny,Žensko
Velina,Žensko
Mihaela,Žensko
Marlena,Žensko
Miljana,Žensko
Tajana,Žensko
Barica,Žensko
Anja,Žensko
Rita,Žensko
Nermina,Žensko
Jelka,Žensko
Petra,Žensko
Drenka,Žensko
Snijezana,Žensko
Leonie,Žensko
Kadima,Žensko
Irene,Žensko
Zdravka,Žensko
Zora,Žensko
Fiona,Žensko
Antoaneta,Žensko
Mirijana,Žensko
Inka,Žensko
Selma,Žensko
Janja Sandra,Žensko
Jelena,Žensko
Marijeta,Žensko
Branimira,Žensko
Tihana,Žensko
Jelica,Žensko
Ani,Žensko
Svetlana,Žensko
Vjera,Žensko
Tereza,Žensko
Mirjam,Žensko
Lovorka,Žensko
Andrean,Žensko
Ana Mari,Žensko
Rolina,Žensko
Gea,Žensko
Ilva,Žensko
Verona,Žensko
Dana,Žensko
Srebrenka,Žensko
Jasna,Žensko
Dejanira,Žensko
Nusa,Žensko
Frančeska,Žensko
Ladislava,Žensko
Vedrana,Žensko
Zvonka,Žensko
Ramila,Žensko
Mirjana Mia,Žensko
Hannah,Žensko
Sumaja,Žensko
Alekaandra,Žensko
Mirta,Žensko
Liljana,Žensko
Gentiana,Žensko
Agata,Žensko
Glorija,Žensko
Štefanija,Žensko
Amadea,Žensko
Antica,Žensko
Bojana,Žensko
Helena,Žensko
Elija,Žensko
Dominika,Žensko
Brigita,Žensko
Mislava,Žensko
Cecilija,Žensko
Corina,Žensko
Safeta,Žensko
Tatjana,Žensko
Suzi,Žensko
Slavica-Tihomila,Žensko
Karmen,Žensko
Vanda,Žensko
Marela,Žensko
Arijana,Žensko
Katija,Žensko
Božana,Žensko
Susanne,Žensko
Selena,Žensko
Radmila,Žensko
Muharema,Žensko
Anamelita,Žensko
Vedra,Žensko
Mirka,Žensko
Rosanda,Žensko
Eva,Žensko
Daliborka,Žensko
Bozena,Žensko
Jurja,Žensko
Krunoslava,Žensko
Marijana,Žensko
Ifeta,Žensko
Viviana,Žensko
Alica,Žensko
Maja,Žensko
Mirsada,Žensko
Zlatica,Žensko
Anuška,Žensko
Nastija,Žensko
Ida,Žensko
Tonkica,Žensko
Aleksandra-Maria,Žensko
Nedreta,Žensko
Karla Paola,Žensko
Paulina,Žensko
Helga,Žensko
Antoneta,Žensko
Vana,Žensko
Božica,Žensko
Ana Katarina,Žensko
Ana-Marija,Žensko
Matilda,Žensko
Stjepanka,Žensko
Karmina,Žensko
Sibila,Žensko
Loredana,Žensko
Snežana,Žensko
Bela,Žensko
Nada,Žensko
Dalija,Žensko
Paola,Žensko
Ines,Žensko
Bosiljka,Žensko
Rafaela,Žensko
Margita,Žensko
Gorjana,Žensko
Glorjana,Žensko
Katarina,Žensko
Elizabet,Žensko
Danela,Žensko
Gita,Žensko
Sanja,Žensko
Arnela,Žensko
Zvjezdanaa,Žensko
Mariana,Žensko
Iva,Žensko
Andriana,Žensko
Nely,Žensko
Mihovila,Žensko
Lucija,Žensko
Mirzeta,Žensko
Anka,Žensko
Vlasta,Žensko
Keti,Žensko
Jadranka,Žensko
Sunčana,Žensko
Bibiana,Žensko
Maya,Žensko
Nela,Žensko
Victoria,Žensko
Živka,Žensko
Lejla,Žensko
Marchela,Žensko
Asima,Žensko
Kornelia,Žensko
Bernardica,Žensko
Filipa,Žensko
Anny,Žensko
Atina,Žensko
Ruzica,Žensko
Dunja,Žensko
Matijana,Žensko
Katharina,Žensko
Mersima,Žensko
Jasminka,Žensko
Maria Sara,Žensko
Alexsia,Žensko
Eva Marija,Žensko
Smilja,Žensko
Ruslanyla,Žensko
Maja,Žensko
Stella Valentina,Žensko
Ivona,Žensko
Jèlena,Žensko
Marinka,Žensko
Suzana,Žensko
Asja,Žensko
Andrea,Žensko
Kristijana,Žensko
Stanislava,Žensko
Dina,Žensko
Afrodita,Žensko
Anabela,Žensko
Nika,Žensko
Susanna,Žensko
Noema,Žensko
Venci,Žensko
Dražena,Žensko
Mare,Žensko
Tia,Žensko
Julimty,Žensko
Aurora,Žensko
Gracijela,Žensko
Mirna,Žensko
Marija,Žensko
Stefany,Žensko
Zorica,Žensko
Amanda,Žensko
Diana,Žensko
Ema,Žensko
Željana,Žensko
Nicole,Žensko
Morana,Žensko
Nelika,Žensko
Nejra,Žensko
Goranka,Žensko
Luja,Žensko
Kutijica,Žensko
Nusret,Žensko
Blaža,Žensko
Rozalia,Žensko
Franka-Angela,Žensko
Talia,Žensko
Irma,Žensko
Magda,Žensko
Nevenka,Žensko
Miranda,Žensko
Loredana,Žensko
Ivancica,Žensko
Isabela,Žensko
Sani,Žensko
Luca,Žensko
Ančica,Žensko
Kornelija,Žensko
Verica,Žensko
Deana,Žensko
Paula-Klara,Žensko
Karmenka,Žensko
Aleta,Žensko
Dorijana,Žensko
Diva,Žensko
Eni,Žensko
Silvijja,Žensko
Jaka,Žensko
Mateja,Žensko
Patrizia,Žensko
Dorothy,Žensko
Zorana,Žensko
Ira,Žensko
Tonia,Žensko
Nina,Žensko
Martica,Žensko
Rukija,Žensko
Hana Ivana,Žensko
Neira,Žensko
Dea,Žensko
Adela,Žensko
Iliana,Žensko
Tatiana,Žensko
Fili,Žensko
Ankica,Žensko
Luca,Žensko
Lora,Žensko
Valentina,Žensko
Andjela,Žensko
Sendi,Žensko
Sofia,Žensko
Marija Anđela,Žensko
Zdravka,Žensko
Ena Katarina,Žensko
Marija Margareta,Žensko
Živana,Žensko
Ozana,Žensko
Rahela,Žensko
Tamara,Žensko
Andrea Nicol,Žensko
Olivera,Žensko
Alexia,Žensko
Marijeta,Žensko
Leonora,Žensko
Sanda,Žensko
Zaklina,Žensko
Natalie,Žensko
Dolores,Žensko
Irja,Žensko
Melanija,Žensko
Dzanna,Žensko
Dalija,Žensko
Senka,Žensko
Pavla,Žensko
Loris,Žensko
Latica,Žensko
Paola Marcela,Žensko
Danja,Žensko
Ksenia,Žensko
Tonka,Žensko
Ljupka,Žensko
Laura,Žensko
Iskra,Žensko
Sandra,Žensko
Carmen,Žensko
Dijana,Žensko
Marina,Žensko
Izabella,Žensko
Jasmina,Žensko
Jelenq,Žensko
Kamelija,Žensko
Tessa,Žensko
Vivian,Žensko
Amra,Žensko
Zlatana,Žensko
Goga,Žensko
Meri,Žensko
Ines,Žensko
Delfina,Žensko
Nadia,Žensko
Manuela,Žensko
Jozefina,Žensko
Helen,Žensko
Adnana,Žensko
Belmim,Žensko
Spomenka,Žensko
Anne,Žensko
Matrja,Žensko
Nicole,Žensko
Iris,Žensko
Jelena-Kristina,Žensko
Snjezana,Žensko
Donatela,Žensko
Bahrija,Žensko
Lada,Žensko
Nora,Žensko
Draška,Žensko
Mirislava,Žensko
Eliza,Žensko
Živana,Žensko
Jsminka,Žensko
Stanislava,Žensko
Đema,Žensko
Violeta,Žensko
Alexandra,Žensko
Anđa,Žensko
Ivona,Žensko
Stjepka,Žensko
Alexandra,Žensko
Julka,Žensko
Paula,Žensko
Dorotea,Žensko
Amila,Žensko
Barbara,Žensko
Marina,Žensko
Ana Marija,Žensko
Samantha,Žensko
Tanya,Žensko
Berislava,Žensko
Nia,Žensko
Safka,Žensko
Alex,Žensko
Petrana,Žensko
Lorna,Žensko
Janka,Žensko
Larisa,Žensko
Arnelija,Žensko
Elizabet,Žensko
Zanet,Žensko
Maris,Žensko
Marlis,Žensko
Nela,Žensko
Sonja,Žensko
Meri,Žensko
Kristinka,Žensko
Sindi,Žensko
Seida,Žensko
Terezija,Žensko
Judita,Žensko
Zeljkica,Žensko
Milka,Žensko
Julieta,Žensko
Emanuela,Žensko
Silvia,Žensko
Željka,Žensko
Enea,Žensko
Astrid,Žensko
Sophia,Žensko
Katarina Nera,Žensko
Radoslava,Žensko
Eugenija,Žensko
Vedrana,Žensko
Sanela,Žensko
Ilenia,Žensko
Anisja,Žensko
Virginia,Žensko
Inri,Žensko
Andrijana,Žensko
Anesa,Žensko
Merma,Žensko
Bonita,Žensko
Saša Ena,Žensko
Lolita,Žensko
Barbara,Žensko
Arnela,Žensko
Stella,Žensko
Valeria,Žensko
Aleksandra,Žensko
Toncica,Žensko
Arina,Žensko
Viktorija,Žensko
Anamari,Žensko
Marlena,Žensko
Miramani,Žensko
Azra,Žensko
Marij,Žensko
Antea,Žensko
Inga,Žensko
Marica,Žensko
Lisa,Žensko
Elizabeth,Žensko
Mirdita,Žensko
Dubravka,Žensko
Damirela,Žensko
Zerina,Žensko
Karmela,Žensko
Jadranka,Žensko
Doriana,Žensko
Halima,Žensko
Gordana,Žensko
Katia,Žensko
Ksenija,Žensko
Ingrid,Žensko
Ljubinka,Žensko
Draganaa,Žensko
Mima,Žensko
Jagoda,Žensko
Katica,Žensko
Merala,Žensko
Federica,Žensko
Karolina,Žensko
Stella,Žensko
Drazenka,Žensko
Aleksandra Marija,Žensko
Svjetlana,Žensko
Naomi,Žensko
Seni,Žensko
Agnesa,Žensko
Hermina,Žensko
Perka,Žensko
Artemida,Žensko
Tesa,Žensko
Semka,Žensko
Milka,Žensko
Mersiha,Žensko
Nera,Žensko
Mladenka,Žensko
Drazana,Žensko
Mihaela,Žensko
Dinka,Žensko
Evita,Žensko
Amira,Žensko
Jovanka,Žensko
Elina,Žensko
Anica,Žensko
Daniela,Žensko
Estera,Žensko
Lada,Žensko
Zoja,Žensko
Maarta,Žensko
Blaženka,Žensko
Ozrenka,Žensko
Sibela,Žensko
Darina,Žensko
Sara Danica,Žensko
Branislava,Žensko
Danijela Iva,Žensko
Rabija,Žensko
Kate,Žensko
Anastazija,Žensko
Nelli,Žensko
Koviljka,Žensko
Brigita,Žensko
Belinda,Žensko
Viorelia,Žensko
Edita,Žensko
Radica,Žensko
Marita,Žensko
Nadja,Žensko
Marijana,Žensko
Ervina,Žensko
Iveta,Žensko
Anela,Žensko
Marija Magdalena,Žensko
Azemina,Žensko
Ariane,Žensko
Nataliia,Žensko
Admira,Žensko
Rosanda,Žensko
Beatta,Žensko
Evica,Žensko
Liridona,Žensko
Kety,Žensko
Vesnica,Žensko
Tihana Tina,Žensko
Mila,Žensko
Virdžinija,Žensko
Laura,Žensko
Mira,Žensko
Hana,Žensko
Blazenka,Žensko
Marigona,Žensko
Gracija,Žensko
Korana,Žensko
Zrinka,Žensko
Orlovka,Žensko
Bożica,Žensko
Asima,Žensko
Đurđa,Žensko
Anthea,Žensko
Elis,Žensko
Dahlia,Žensko
Tala,Žensko
Stella-Josipa,Žensko
Melissa,Žensko
Vesna-Ana,Žensko
Megi,Žensko
Nikita,Žensko
Ljudmila,Žensko
Leticija,Žensko
Suzana,Žensko
Emanuela,Žensko
Bojana,Žensko
Andelka,Žensko
Patricia,Žensko
Meditta,Žensko
Judy,Žensko
Zelita,Žensko
Tana,Žensko
Melinda,Žensko
Arijana,Žensko
Dafina,Žensko
Sladjana,Žensko
Karmela Kristina,Žensko
Ardita,Žensko
Karmena,Žensko
Gabi,Žensko
Lovrana,Žensko
Irenka,Žensko
Maida,Žensko
Tiana,Žensko
Terezina,Žensko
Isabella,Žensko
Terezija Tia,Žensko
Vslentina,Žensko
Sofija,Žensko
Božica,Žensko
Branka Ana,Žensko
Tahira,Žensko
Ksenija,Žensko
Romana Ana,Žensko
Rajna,Žensko
Rositsa,Žensko
Paula,Žensko
Lidijs,Žensko
Zjena,Žensko
Slobodanka,Žensko
Antonija,Žensko
Silvija,Žensko
Emili,Žensko
Josipa,Žensko
Breda,Žensko
Amalia,Žensko
Izabela,Žensko
Cristina,Žensko
Alis,Žensko
Andjelka,Žensko
Klementina,Žensko
Inela,Žensko
Antonia,Žensko
Klaudija,Žensko
Rosana,Žensko
Laura Karla,Žensko
Greta,Žensko
Masha,Žensko
Anica,Žensko
Vanda,Žensko
Doris,Žensko
Ramona,Žensko
Dianebem,Žensko
Graziella,Žensko
Beatricia,Žensko
Niki,Žensko
Rada,Žensko
Erika,Žensko
Đerarda,Žensko
Petrica,Žensko
Hava,Žensko
Tina,Žensko
Taida,Žensko
Miriam,Žensko
Abela,Žensko
Belarmina,Žensko
Leoni,Žensko
Sofija,Žensko
Sabina,Žensko
Katia Vida,Žensko
Katerina,Žensko
Nives,Žensko
Kris,Žensko
Ilka,Žensko
Dušica,Žensko
Ileana,Žensko
Bonnie,Žensko
Mateja,Žensko
Darka,Žensko
Ljiljana,Žensko
Ljubica,Žensko
Celestina,Žensko
Giulia,Žensko
Vera,Žensko
Mauricia,Žensko
Nasiha,Žensko
Veseljka,Žensko
Krunčica,Žensko
Ljilja,Žensko
Alberta,Žensko
Đurđica,Žensko
Darija,Žensko
Angela,Žensko
Besa,Žensko
Donata,Žensko
Altea,Žensko
Lea,Žensko
Kasandra,Žensko
Sheilla,Žensko
Hajdi,Žensko
Vildana,Žensko
Nija,Žensko
Ilona,Žensko
Rudika,Žensko
Zana,Žensko
Ajsa,Žensko
Loreta,Žensko
Jaksa,Žensko
Frana,Žensko
Mariastefania,Žensko
Olga,Žensko
Melanija,Žensko
Jasninka,Žensko
Marija-Elena,Žensko
Rozmari,Žensko
Iva-Martina,Žensko
Heidi,Žensko
Etem,Žensko
Nevia,Žensko
Bjanka,Žensko
Mara,Žensko
Vilka,Žensko
Marcela,Žensko
Klara,Žensko
Aida,Žensko
Bella,Žensko
Ornella,Žensko
Žana,Žensko
Đina,Žensko
Larissa,Žensko
Elvadina,Žensko
Flora,Žensko
Tiora,Žensko
Olivia,Žensko
Katica.,Žensko
Jasenka,Žensko
Monika Nathalie,Žensko
Filipina,Žensko
Lenka,Žensko
Carla,Žensko
Sandrica,Žensko
Valebtina,Žensko
Biserka,Žensko
Selvina,Žensko
Emira,Žensko
Doroteq,Žensko
Darja,Žensko
Majana,Žensko
Tima,Žensko
Snežana,Žensko
Sniježana,Žensko
Ejla,Žensko
Rina,Žensko
Rozalija,Žensko
Besima,Žensko
Griša,Žensko
Višnjica,Žensko
Silvestra,Žensko
Zulfija,Žensko
Fernanda,Žensko
Silva,Žensko
Graciela,Žensko
Marilisa,Žensko
Sadija,Žensko
Elen,Žensko
Samra,Žensko
Ursula,Žensko
Bianka,Žensko
Fahira,Žensko
Rusmira,Žensko
Sara,Žensko
Zdenka,Žensko
Marija-Kleofina,Žensko
Zoa,Žensko
Anuka,Žensko
Olja,Žensko
Venka,Žensko
Katrin,Žensko
Krista,Žensko
Mia-Ivana,Žensko
Karla,Žensko
Anamarija,Žensko
Patricia,Žensko
Snjeżana,Žensko
Dragana,Žensko
Velida,Žensko
Beisa,Žensko
Radosna,Žensko
Milica,Žensko
Nevenka Nevenka,Žensko
Marija-Elena,Žensko
Maura,Žensko
Danka,Žensko
Kjara,Žensko
Ema Laura,Žensko
Merlina,Žensko
Eva Maria,Žensko
Sanjs,Žensko
Anđela,Žensko
Alina,Žensko
Marjanka,Žensko
Ruža-Jelena,Žensko
Antoanet,Žensko
Eda,Žensko
Orlanda,Žensko
Ane Mari,Žensko
Monia,Žensko
Breza,Žensko
Alma,Žensko
Tatjane,Žensko
Ora,Žensko
Valentina Nina,Žensko
Vladimira,Žensko
Tisa,Žensko
Monika,Žensko
Olgica,Žensko
Đina,Žensko
Zorka,Žensko
Monika,Žensko
Vivien,Žensko
Đurdica,Žensko
Dita,Žensko
Lili,Žensko
Rosemary,Žensko
Elza,Žensko
Ninoslava,Žensko
Saška,Žensko
Kriatina,Žensko
Mina,Žensko
Edita,Žensko
Mirela,Žensko
Anita,Žensko
Ilda,Žensko
Andrejana,Žensko
Steffani,Žensko
Brigitte,Žensko
Nicole Mariana,Žensko
Đenita,Žensko
Ognjenka,Žensko
Karmen,Žensko
Michelle,Žensko
Raisa,Žensko
Ema,Žensko
Valbona,Žensko
Dalida,Žensko
Zoe,Žensko
Lela,Žensko
Matea,Žensko
Romana,Žensko
Walentine,Žensko
Mirjana,Žensko
Alesia,Žensko
Đeni,Žensko
Karla,Žensko
Snježna,Žensko
Ivanka,Žensko
Lonela,Žensko
Vlasta,Žensko
Andelina,Žensko
Samira,Žensko
Ela,Žensko
Jarmila,Žensko
Carla,Žensko
Blerina,Žensko
Snježana,Žensko
Atena,Žensko
Diana,Žensko
Slavena,Žensko
Bosa,Žensko
Bobana,Žensko
Romana,Žensko
Jasa,Žensko
Zhanna,Žensko
Annamarija,Žensko
Mirella,Žensko
Otilija,Žensko
Zijada,Žensko
Marijela,Žensko
Zlatka,Žensko
Ferida,Žensko
Lamia,Žensko
Tina Dominika,Žensko
Rebecca,Žensko
Romina,Žensko
Eni,Žensko
Bruna,Žensko
Radojka,Žensko
Tanja,Žensko
Svetinka,Žensko
Kaya,Žensko
Melisanda,Žensko
Nola,Žensko
Matia,Žensko
Mirena,Žensko
Milenka,Žensko
Mona,Žensko
Gresa,Žensko
Kristina Tea,Žensko
Ančica,Žensko
Ekaterina,Žensko
Senija,Žensko
Roza Marija,Žensko
Arifa,Žensko
Vjerana,Žensko
Nediljka,Žensko
Senida,Žensko
Eldina,Žensko
Anela,Žensko
Caroline,Žensko
Mela,Žensko
Elida,Žensko
Alfreda,Žensko
Selina,Žensko
Morana,Žensko
Andreja,Žensko
Vilena,Žensko
Sanela,Žensko
Marieta,Žensko
Aja,Žensko
Inna,Žensko
Kata.,Žensko
Rena,Žensko
Ana Kristina,Žensko
Draga,Žensko
Jolanda,Žensko
Esma,Žensko
Klasja,Žensko
Razija,Žensko
Perina,Žensko
Nenada,Žensko
Tonica,Žensko
Elena,Žensko
Belmina,Žensko
Nedeljko,Žensko
Desa,Žensko
Radenka,Žensko
Vanea,Žensko
Ilonka,Žensko
Branka,Žensko
Annet,Žensko
Dania,Žensko
Tatjana,Žensko
Julija,Žensko
Antonia Mi,Žensko
Roberta,Žensko
Marijaelena,Žensko
Ilinka,Žensko
Maricq,Žensko
Veselinka,Žensko
Duša,Žensko
Sonja,Žensko
Suada,Žensko
Đana,Žensko
Kata,Žensko
Radha,Žensko
Marijane,Žensko
Marija Hana,Žensko
Izidora,Žensko
Karmena,Žensko
Jasen,Žensko
Dejana,Žensko
Svijetlana,Žensko
Melania,Žensko
Andela,Žensko
Patriša,Žensko
Ivan-Conrado,Žensko
Željkica,Žensko
Alexandra Josipa,Žensko
Katja Nadine,Žensko
Patricia Edith,Žensko
Smjezana,Žensko
Damira,Žensko
Ornela,Žensko
Mera,Žensko
Slavica Tihomila,Žensko
Katarina Anne,Žensko
Natascha,Žensko
Senada,Žensko
Layla,Žensko
Valerija,Žensko
Arnea,Žensko
Bonina,Žensko
Klarisa,Žensko
Tajda,Žensko
Bogdanka,Žensko
Tatijana,Žensko
Josipa Katarina,Žensko
Ive,Žensko
Leila,Žensko
Veronika,Žensko
Jožica,Žensko
Zina,Žensko
Melita,Žensko
Grazia,Žensko
Marinia,Žensko
Karolj,Žensko
Anamaria,Žensko
Dzenana,Žensko
Valetina,Žensko
Gojka,Žensko
Đurica,Žensko
Ljiljanka,Žensko
Leda,Žensko
Katarina Anđela,Žensko
Zuzana,Žensko
Klara Edita,Žensko
Nadežda,Žensko
Ana Mi,Žensko
Merien,Žensko
Mirea,Žensko
Pavla,Žensko
Bozana,Žensko
Natalija,Žensko
Suza,Žensko
Jozica,Žensko
Tadea,Žensko
Lea Matea,Žensko
Vahida,Žensko
Anamarija,Žensko
Intijana,Žensko
Juliofa,Žensko
Inea,Žensko
Nazmija,Žensko
Milija,Žensko
Domenika,Žensko
Sanjica,Žensko
Palmina,Žensko
Stipanija,Žensko
Ljubica,Žensko
Iskra,Žensko
Merica,Žensko
Ina,Žensko
Ajla,Žensko
Đorđina,Žensko
Dajna,Žensko
Mia,Žensko
Snezana,Žensko
Dražana,Žensko
Verica,Žensko
Snjzana,Žensko
Stephani,Žensko
Ceca,Žensko
Zdena,Žensko
Rikarda,Žensko
Stela,Žensko
Steffi,Žensko
Piroška,Žensko
Božidarka,Žensko
Mirica,Žensko
Milica,Žensko
Ksenija Katarina,Žensko
Grga,Žensko
Fikreta,Žensko
Gianna Maria,Žensko
Tončica,Žensko
Verita,Žensko
Martinela,Žensko
Vitalina,Žensko
Orijana,Žensko
Elvedina,Žensko
Karla-Krista,Žensko
Aleks,Žensko
Senada,Žensko
Evgenia,Žensko
Tera,Žensko
Lela,Žensko
Malika,Žensko
Petrq,Žensko
Agneza,Žensko
Doroteja,Žensko
Katica,Žensko
Louana,Žensko
Anamaria,Žensko
Heda,Žensko
Kaenija,Žensko
Sara Antonia,Žensko
Žaklin,Žensko
Marjena,Žensko
Dora-Paula,Žensko
Tila,Žensko
Fanika,Žensko
Biljana,Žensko
Melanie,Žensko
Dobrila,Žensko
Irna,Žensko
Tihomira,Žensko
Snezana,Žensko
Leina,Žensko
Julija,Žensko
Nadia,Žensko
Snjezana,Žensko
Ana Štefana,Žensko
Aldijana,Žensko
Alija,Žensko
Jelena Ivana,Žensko
Boška,Žensko
Viktorija,Žensko
Julia,Žensko
